ID,Imie,Nazwisko,Wydzia³,Katedra,Tytu³ naukowy,email
1,Angelika,Gaw³owicz,Wydzia³ In¿ynierii L¹dowej i Œrodowiska,Katedra Systemów Decyzyjnych i Robotyki,doktor,angelika.gaw³owicz@studentbook.com
2,Kajetan,Rymarz,Wydzia³ Elektrotechniki i Automatyki,Katedra In¿ynierii Mikrofalowej i Antenowej,doktor,kajetan.rymarz@studentbook.com
3,Sara,Osojca,Wydzia³ Chemiczny,Katedra Systemów Multimedialnych,in¿ynier,sara.osojca@studentbook.com
4,Kaja,Wojtaszak,Wydzia³ Oceanotechniki i Okrêtownictwa,Katedra Systemów Multimedialnych,magister,kaja.wojtaszak@studentbook.com
5,Nicole,Preuss,Wydzia³ Architektury,Katedra Metrologii i Optoelektroniki,doktor,nicole.preuss@studentbook.com
6,Kaja,Rembisz,Wydzia³ Architektury,Katedra Metrologii i Optoelektroniki,doktor,kaja.rembisz@studentbook.com
7,Adrianna,Kapustka,Wydzia³ Oceanotechniki i Okrêtownictwa,Katedra Systemów Mikroelektronicznych,in¿ynier,adrianna.kapustka@studentbook.com
8,Marika,Sojda,Wydzia³ Mechaniczny,Katedra In¿ynierii Oprogramowania,doktor habilitowny,marika.sojda@studentbook.com
9,Alan,Szram,Wydzia³ Oceanotechniki i Okrêtownictwa,Katedra In¿ynierii Biomedycznej,doktor,alan.szram@studentbook.com
10,Ernest,Morek,Wydzia³ Elektroniki Telekomunikacji i Informatyki,Katedra In¿ynierii Oprogramowania,doktor,ernest.morek@studentbook.com
11,Nela,Muc,Wydzia³ Chemiczny,Katedra In¿ynierii Oprogramowania,magister,nela.muc@studentbook.com
12,Ryszard,Czesak,Wydzia³ Elektroniki Telekomunikacji i Informatyki,Katedra Sieci Teleinformacyjnych,in¿ynier,ryszard.czesak@studentbook.com
13,Aleksander,Kopik,Wydzia³ Mechaniczny,Katedra In¿ynierii Oprogramowania,doktor habilitowny,aleksander.kopik@studentbook.com
14,Marek,Bia³asik,Wydzia³ Fizyki Technicznej i Matematyki Stosowanej,Katedra Inteligentnych Systemów Interaktywnych,profesor,marek.bia³asik@studentbook.com
15,Julian,Bogumi³,Wydzia³ Architektury,Katedra Algorytmów i Modelowania Systemów,profesor,julian.bogumi³@studentbook.com
16,Igor,Kopciuch,Wydzia³ Mechaniczny,Katedra Teleinformatyki,in¿ynier,igor.kopciuch@studentbook.com
17,Dagmara,Jêdraszek,Wydzia³ Elektroniki Telekomunikacji i Informatyki,Katedra Teleinformatyki,profesor,dagmara.jêdraszek@studentbook.com
18,Anita,Jeszka,Wydzia³ Elektrotechniki i Automatyki,Katedra Sieci Teleinformacyjnych,doktor habilitowny,anita.jeszka@studentbook.com
19,Marianna,Basaj,Wydzia³ Mechaniczny,Katedra Architektury Systemów Komputerowych,in¿ynier,marianna.basaj@studentbook.com
20,Sara,Knieæ,Wydzia³ Elektroniki Telekomunikacji i Informatyki,Katedra Systemów Multimedialnych,profesor,sara.knieæ@studentbook.com
21,Stanis³aw,Strójw¹s,Wydzia³ Architektury,Katedra Systemów Multimedialnych,magister,stanis³aw.strójw¹s@studentbook.com
22,Micha³,Zió³ko,Wydzia³ Elektroniki Telekomunikacji i Informatyki,Katedra Sieci Teleinformacyjnych,profesor,micha³.zió³ko@studentbook.com
23,Alex,Durlej,Wydzia³ In¿ynierii L¹dowej i Œrodowiska,Katedra Metrologii i Optoelektroniki,magister,alex.durlej@studentbook.com
24,Bruno,Byra,Wydzia³ Fizyki Technicznej i Matematyki Stosowanej,Katedra Systemów i Sieci Radiokomunikacyjnych,in¿ynier,bruno.byra@studentbook.com
25,Tobiasz,Filiks,Wydzia³ Fizyki Technicznej i Matematyki Stosowanej,Katedra In¿ynierii Oprogramowania,in¿ynier,tobiasz.filiks@studentbook.com
26,Anna Maria,Kudela,Wydzia³ Zarz¹dzania i Ekonomi,Katedra In¿ynierii Materia³ów Funkcjonalnych,magister,anna maria.kudela@studentbook.com
27,Anita,Bojczuk,Wydzia³ Elektrotechniki i Automatyki,Katedra In¿ynierii Materia³ów Funkcjonalnych,doktor,anita.bojczuk@studentbook.com
28,Marek,Mytych,Wydzia³ Elektroniki Telekomunikacji i Informatyki,Katedra In¿ynierii Mikrofalowej i Antenowej,profesor,marek.mytych@studentbook.com
29,Angelika,Muniak,Wydzia³ Elektroniki Telekomunikacji i Informatyki,Katedra Systemów Geoinformatycznych,magister,angelika.muniak@studentbook.com
30,Ida,Karnas,Wydzia³ Oceanotechniki i Okrêtownictwa,Katedra Inteligentnych Systemów Interaktywnych,doktor,ida.karnas@studentbook.com
31,Franciszek,Korzonek,Wydzia³ In¿ynierii L¹dowej i Œrodowiska,Katedra In¿ynierii Mikrofalowej i Antenowej,magister,franciszek.korzonek@studentbook.com
32,Aniela,Kulon,Wydzia³ Zarz¹dzania i Ekonomi,Katedra Systemów Geoinformatycznych,doktor habilitowny,aniela.kulon@studentbook.com
33,Fryderyk,Potoczna,Wydzia³ Mechaniczny,Katedra Metrologii i Optoelektroniki,magister,fryderyk.potoczna@studentbook.com
34,Bartek,Prasek,Wydzia³ Chemiczny,Katedra Architektury Systemów Komputerowych,doktor,bartek.prasek@studentbook.com
35,Olga,¯o³nierczyk,Wydzia³ Zarz¹dzania i Ekonomi,Katedra Systemów Geoinformatycznych,in¿ynier,olga.¿o³nierczyk@studentbook.com
36,Liwia,Szmagaj,Wydzia³ Zarz¹dzania i Ekonomi,Katedra Architektury Systemów Komputerowych,doktor habilitowny,liwia.szmagaj@studentbook.com
37,Dorota,Pokusa,Wydzia³ Mechaniczny,Katedra In¿ynierii Materia³ów Funkcjonalnych,magister,dorota.pokusa@studentbook.com
38,Karol,Karalus,Wydzia³ Elektroniki Telekomunikacji i Informatyki,Katedra Sieci Teleinformacyjnych,doktor,karol.karalus@studentbook.com
39,Aleksander,Babij,Wydzia³ Elektrotechniki i Automatyki,Katedra Teleinformatyki,magister,aleksander.babij@studentbook.com
40,Dawid,Sadza,Wydzia³ Mechaniczny,Katedra Sygna³ów i Systemów,in¿ynier,dawid.sadza@studentbook.com
41,Natan,Sendor,Wydzia³ In¿ynierii L¹dowej i Œrodowiska,Katedra Metrologii i Optoelektroniki,doktor habilitowny,natan.sendor@studentbook.com
42,Ró¿a,Chromy,Wydzia³ Elektroniki Telekomunikacji i Informatyki,Katedra Architektury Systemów Komputerowych,magister,ró¿a.chromy@studentbook.com
43,Tymoteusz,Dulewicz,Wydzia³ In¿ynierii L¹dowej i Œrodowiska,Katedra In¿ynierii Materia³ów Funkcjonalnych,doktor habilitowny,tymoteusz.dulewicz@studentbook.com
44,Grzegorz,Sobuœ,Wydzia³ Fizyki Technicznej i Matematyki Stosowanej,Katedra In¿ynierii Oprogramowania,doktor,grzegorz.sobuœ@studentbook.com
45,Franciszek,¯abka,Wydzia³ Elektroniki Telekomunikacji i Informatyki,Katedra Architektury Systemów Komputerowych,doktor,franciszek.¿abka@studentbook.com
46,Nela,Knysak,Wydzia³ Chemiczny,Katedra Systemów i Sieci Radiokomunikacyjnych,in¿ynier,nela.knysak@studentbook.com
47,Aniela,Rurarz,Wydzia³ Oceanotechniki i Okrêtownictwa,Katedra Systemów i Sieci Radiokomunikacyjnych,in¿ynier,aniela.rurarz@studentbook.com
48,Klara,Piechura,Wydzia³ Elektrotechniki i Automatyki,Katedra Systemów Decyzyjnych i Robotyki,doktor,klara.piechura@studentbook.com
49,Melania,Kuder,Wydzia³ Chemiczny,Katedra Sygna³ów i Systemów,doktor,melania.kuder@studentbook.com
50,Dominik,Stoltman,Wydzia³ Zarz¹dzania i Ekonomi,Katedra In¿ynierii Oprogramowania,doktor habilitowny,dominik.stoltman@studentbook.com
51,Nikodem,Miszta,Wydzia³ Mechaniczny,Katedra Systemów i Sieci Radiokomunikacyjnych,doktor,nikodem.miszta@studentbook.com
52,Dominik,Bodych,Wydzia³ In¿ynierii L¹dowej i Œrodowiska,Katedra In¿ynierii Materia³ów Funkcjonalnych,in¿ynier,dominik.bodych@studentbook.com
53,Artur,Dawiec,Wydzia³ In¿ynierii L¹dowej i Œrodowiska,Katedra In¿ynierii Materia³ów Funkcjonalnych,in¿ynier,artur.dawiec@studentbook.com
54,Fabian,Wojaczek,Wydzia³ Elektrotechniki i Automatyki,Katedra Sygna³ów i Systemów,profesor,fabian.wojaczek@studentbook.com
55,Sonia,Strójw¹s,Wydzia³ Elektroniki Telekomunikacji i Informatyki,Katedra Sieci Teleinformacyjnych,profesor,sonia.strójw¹s@studentbook.com
56,Dariusz,Front,Wydzia³ Fizyki Technicznej i Matematyki Stosowanej,Katedra Sygna³ów i Systemów,doktor,dariusz.front@studentbook.com
57,Szymon,Wojtach,Wydzia³ Elektrotechniki i Automatyki,Katedra Sieci Teleinformacyjnych,magister,szymon.wojtach@studentbook.com
58,Franciszek,Oœka,Wydzia³ Mechaniczny,Katedra In¿ynierii Oprogramowania,in¿ynier,franciszek.oœka@studentbook.com
59,Ryszard,Janowiak,Wydzia³ Architektury,Katedra In¿ynierii Materia³ów Funkcjonalnych,doktor habilitowny,ryszard.janowiak@studentbook.com
60,Melania,¯yto,Wydzia³ Chemiczny,Katedra Systemów Geoinformatycznych,in¿ynier,melania.¿yto@studentbook.com
61,Aniela,Goœ,Wydzia³ Zarz¹dzania i Ekonomi,Katedra Metrologii i Optoelektroniki,profesor,aniela.goœ@studentbook.com
62,Józef,Widuch,Wydzia³ Fizyki Technicznej i Matematyki Stosowanej,Katedra Architektury Systemów Komputerowych,in¿ynier,józef.widuch@studentbook.com
63,Pawe³,Petrus,Wydzia³ Fizyki Technicznej i Matematyki Stosowanej,Katedra Sygna³ów i Systemów,doktor,pawe³.petrus@studentbook.com
64,Adrianna,Kruzel,Wydzia³ Oceanotechniki i Okrêtownictwa,Katedra In¿ynierii Biomedycznej,doktor habilitowny,adrianna.kruzel@studentbook.com
65,Eryk,Trzos,Wydzia³ Oceanotechniki i Okrêtownictwa,Katedra Systemów Decyzyjnych i Robotyki,doktor habilitowny,eryk.trzos@studentbook.com
66,Hubert,Kunert,Wydzia³ In¿ynierii L¹dowej i Œrodowiska,Katedra Systemów Geoinformatycznych,profesor,hubert.kunert@studentbook.com
67,Andrzej,Pera,Wydzia³ Elektroniki Telekomunikacji i Informatyki,Katedra Systemów Decyzyjnych i Robotyki,doktor,andrzej.pera@studentbook.com
68,Grzegorz,Bakun,Wydzia³ Elektrotechniki i Automatyki,Katedra Systemów Decyzyjnych i Robotyki,doktor,grzegorz.bakun@studentbook.com
69,Gaja,Piotrowiak,Wydzia³ Elektroniki Telekomunikacji i Informatyki,Katedra Sygna³ów i Systemów,in¿ynier,gaja.piotrowiak@studentbook.com
70,Tadeusz,Sapa,Wydzia³ Architektury,Katedra Systemów Decyzyjnych i Robotyki,magister,tadeusz.sapa@studentbook.com
71,Blanka,Morawiak,Wydzia³ Zarz¹dzania i Ekonomi,Katedra In¿ynierii Materia³ów Funkcjonalnych,profesor,blanka.morawiak@studentbook.com
72,Antoni,Oczko,Wydzia³ In¿ynierii L¹dowej i Œrodowiska,Katedra Teleinformatyki,in¿ynier,antoni.oczko@studentbook.com
73,Eliza,Wolañczyk,Wydzia³ Zarz¹dzania i Ekonomi,Katedra Architektury Systemów Komputerowych,in¿ynier,eliza.wolañczyk@studentbook.com
74,Mi³osz,Trojanek,Wydzia³ Mechaniczny,Katedra Systemów Geoinformatycznych,doktor,mi³osz.trojanek@studentbook.com
75,Ewelina,Sadoch,Wydzia³ Mechaniczny,Katedra Systemów Mikroelektronicznych,profesor,ewelina.sadoch@studentbook.com
76,Marika,Rochowiak,Wydzia³ Oceanotechniki i Okrêtownictwa,Katedra Sygna³ów i Systemów,doktor,marika.rochowiak@studentbook.com
77,Blanka,Piercha³a,Wydzia³ Zarz¹dzania i Ekonomi,Katedra Systemów i Sieci Radiokomunikacyjnych,doktor habilitowny,blanka.piercha³a@studentbook.com
78,Maciej,Jêdra,Wydzia³ Oceanotechniki i Okrêtownictwa,Katedra In¿ynierii Biomedycznej,doktor,maciej.jêdra@studentbook.com
79,Sara,Supernak,Wydzia³ Architektury,Katedra Sygna³ów i Systemów,profesor,sara.supernak@studentbook.com
80,Ksawery,Burzawa,Wydzia³ Elektroniki Telekomunikacji i Informatyki,Katedra Systemów Geoinformatycznych,doktor,ksawery.burzawa@studentbook.com
81,Bruno,Szymonik,Wydzia³ Architektury,Katedra Systemów Geoinformatycznych,doktor,bruno.szymonik@studentbook.com
82,Olga,Wajdzik,Wydzia³ Elektroniki Telekomunikacji i Informatyki,Katedra In¿ynierii Materia³ów Funkcjonalnych,profesor,olga.wajdzik@studentbook.com
83,Ida,Faryna,Wydzia³ Elektrotechniki i Automatyki,Katedra Systemów Multimedialnych,doktor habilitowny,ida.faryna@studentbook.com
84,Micha³,Gumienna,Wydzia³ Architektury,Katedra Systemów Mikroelektronicznych,magister,micha³.gumienna@studentbook.com
85,Malwina,Wiatrak,Wydzia³ Fizyki Technicznej i Matematyki Stosowanej,Katedra In¿ynierii Materia³ów Funkcjonalnych,doktor habilitowny,malwina.wiatrak@studentbook.com
86,Justyna,Namys³o,Wydzia³ Elektroniki Telekomunikacji i Informatyki,Katedra Sygna³ów i Systemów,doktor habilitowny,justyna.namys³o@studentbook.com
87,Stanis³aw,Perczak,Wydzia³ Zarz¹dzania i Ekonomi,Katedra Sygna³ów i Systemów,doktor habilitowny,stanis³aw.perczak@studentbook.com
88,Pawe³,Szambelan,Wydzia³ Chemiczny,Katedra Sygna³ów i Systemów,in¿ynier,pawe³.szambelan@studentbook.com
89,Piotr,Duszczyk,Wydzia³ In¿ynierii L¹dowej i Œrodowiska,Katedra In¿ynierii Materia³ów Funkcjonalnych,doktor,piotr.duszczyk@studentbook.com
90,Kamil,Je¿yk,Wydzia³ Chemiczny,Katedra Systemów Mikroelektronicznych,doktor,kamil.je¿yk@studentbook.com
91,Anna Maria,Husak,Wydzia³ Chemiczny,Katedra Systemów Geoinformatycznych,profesor,anna maria.husak@studentbook.com
92,Bruno,Pacyga,Wydzia³ Chemiczny,Katedra Teleinformatyki,doktor,bruno.pacyga@studentbook.com
93,Maciej,Daniec,Wydzia³ Oceanotechniki i Okrêtownictwa,Katedra Algorytmów i Modelowania Systemów,in¿ynier,maciej.daniec@studentbook.com
94,Dagmara,Kuryœ,Wydzia³ Architektury,Katedra Sieci Teleinformacyjnych,doktor habilitowny,dagmara.kuryœ@studentbook.com
95,Franciszek,Roda,Wydzia³ Elektrotechniki i Automatyki,Katedra Systemów Geoinformatycznych,doktor habilitowny,franciszek.roda@studentbook.com
96,Kamila,Rurka,Wydzia³ Elektroniki Telekomunikacji i Informatyki,Katedra Systemów Geoinformatycznych,in¿ynier,kamila.rurka@studentbook.com
97,Lidia,Hak,Wydzia³ Mechaniczny,Katedra Inteligentnych Systemów Interaktywnych,doktor habilitowny,lidia.hak@studentbook.com
98,Emil,Moskalik,Wydzia³ Elektroniki Telekomunikacji i Informatyki,Katedra Architektury Systemów Komputerowych,in¿ynier,emil.moskalik@studentbook.com
99,Sara,Woœko,Wydzia³ In¿ynierii L¹dowej i Œrodowiska,Katedra In¿ynierii Biomedycznej,magister,sara.woœko@studentbook.com
ID,Imie,Nazwisko,Wydzia³,Katedra,Tytu³ naukowy,email
100,Marek,Konat,Wydzia³ Architektury,Katedra Systemów Decyzyjnych i Robotyki,doktor,marek.konat@studentbook.com
101,Patryk,Pindral,Wydzia³ Zarz¹dzania i Ekonomi,Katedra Systemów i Sieci Radiokomunikacyjnych,profesor,patryk.pindral@studentbook.com
102,Ewa,Fras,Wydzia³ Mechaniczny,Katedra Teleinformatyki,profesor,ewa.fras@studentbook.com
103,Marianna,Karnas,Wydzia³ Fizyki Technicznej i Matematyki Stosowanej,Katedra Systemów i Sieci Radiokomunikacyjnych,in¿ynier,marianna.karnas@studentbook.com
104,Malwina,Fita,Wydzia³ Elektrotechniki i Automatyki,Katedra Inteligentnych Systemów Interaktywnych,in¿ynier,malwina.fita@studentbook.com
105,Jerzy,Kuœnierek,Wydzia³ In¿ynierii L¹dowej i Œrodowiska,Katedra In¿ynierii Oprogramowania,doktor habilitowny,jerzy.kuœnierek@studentbook.com
106,Blanka,Koæwin,Wydzia³ Elektroniki Telekomunikacji i Informatyki,Katedra Systemów i Sieci Radiokomunikacyjnych,in¿ynier,blanka.koæwin@studentbook.com
107,Kazimierz,S³yk,Wydzia³ In¿ynierii L¹dowej i Œrodowiska,Katedra In¿ynierii Biomedycznej,doktor habilitowny,kazimierz.s³yk@studentbook.com
108,Jakub,Prokopczuk,Wydzia³ In¿ynierii L¹dowej i Œrodowiska,Katedra Algorytmów i Modelowania Systemów,magister,jakub.prokopczuk@studentbook.com
109,Mateusz,Doroszuk,Wydzia³ Elektrotechniki i Automatyki,Katedra Systemów i Sieci Radiokomunikacyjnych,in¿ynier,mateusz.doroszuk@studentbook.com
110,Oskar,Ka³ek,Wydzia³ Architektury,Katedra In¿ynierii Mikrofalowej i Antenowej,in¿ynier,oskar.ka³ek@studentbook.com
111,Juliusz,Kobak,Wydzia³ Zarz¹dzania i Ekonomi,Katedra Metrologii i Optoelektroniki,doktor habilitowny,juliusz.kobak@studentbook.com
112,Grzegorz,Tla³ka,Wydzia³ Fizyki Technicznej i Matematyki Stosowanej,Katedra In¿ynierii Mikrofalowej i Antenowej,doktor,grzegorz.tla³ka@studentbook.com
113,Julian,Wittbrodt,Wydzia³ Elektrotechniki i Automatyki,Katedra Metrologii i Optoelektroniki,profesor,julian.wittbrodt@studentbook.com
114,Gaja,Osojca,Wydzia³ Elektroniki Telekomunikacji i Informatyki,Katedra In¿ynierii Biomedycznej,magister,gaja.osojca@studentbook.com
115,£ukasz,Jasnoch,Wydzia³ Elektrotechniki i Automatyki,Katedra In¿ynierii Mikrofalowej i Antenowej,profesor,³ukasz.jasnoch@studentbook.com
116,Patryk,Myrcik,Wydzia³ Zarz¹dzania i Ekonomi,Katedra In¿ynierii Oprogramowania,doktor habilitowny,patryk.myrcik@studentbook.com
117,Emil,Swi¹tek,Wydzia³ Architektury,Katedra In¿ynierii Biomedycznej,doktor habilitowny,emil.swi¹tek@studentbook.com
118,Józef,Jankowicz,Wydzia³ Zarz¹dzania i Ekonomi,Katedra In¿ynierii Materia³ów Funkcjonalnych,profesor,józef.jankowicz@studentbook.com
119,Damian,Fr¹cz,Wydzia³ Zarz¹dzania i Ekonomi,Katedra Systemów Geoinformatycznych,in¿ynier,damian.fr¹cz@studentbook.com
120,Klara,Brygo³a,Wydzia³ Oceanotechniki i Okrêtownictwa,Katedra Sieci Teleinformacyjnych,doktor habilitowny,klara.brygo³a@studentbook.com
121,Arkadiusz,Kadela,Wydzia³ Oceanotechniki i Okrêtownictwa,Katedra Architektury Systemów Komputerowych,profesor,arkadiusz.kadela@studentbook.com
122,Oskar,Szambelan,Wydzia³ Architektury,Katedra Inteligentnych Systemów Interaktywnych,doktor,oskar.szambelan@studentbook.com
123,Adrianna,Zubel,Wydzia³ Architektury,Katedra Systemów Mikroelektronicznych,profesor,adrianna.zubel@studentbook.com
124,Nela,£aszczyk,Wydzia³ Elektroniki Telekomunikacji i Informatyki,Katedra Teleinformatyki,magister,nela.³aszczyk@studentbook.com
125,Krystyna,Fydrych,Wydzia³ Zarz¹dzania i Ekonomi,Katedra Systemów Decyzyjnych i Robotyki,profesor,krystyna.fydrych@studentbook.com
126,Antoni,Dzidek,Wydzia³ Elektroniki Telekomunikacji i Informatyki,Katedra In¿ynierii Biomedycznej,profesor,antoni.dzidek@studentbook.com
127,Roksana,Rejniak,Wydzia³ Mechaniczny,Katedra In¿ynierii Mikrofalowej i Antenowej,doktor,roksana.rejniak@studentbook.com
128,Ernest,Jakubaszek,Wydzia³ Mechaniczny,Katedra Systemów Decyzyjnych i Robotyki,doktor habilitowny,ernest.jakubaszek@studentbook.com
129,Apolonia,Dacko,Wydzia³ Architektury,Katedra Metrologii i Optoelektroniki,magister,apolonia.dacko@studentbook.com
130,Hubert,Irzyk,Wydzia³ Elektroniki Telekomunikacji i Informatyki,Katedra Systemów Geoinformatycznych,doktor habilitowny,hubert.irzyk@studentbook.com
131,Micha³,Klorek,Wydzia³ Architektury,Katedra Systemów Decyzyjnych i Robotyki,profesor,micha³.klorek@studentbook.com
132,Bartek,Reimann,Wydzia³ Elektrotechniki i Automatyki,Katedra In¿ynierii Materia³ów Funkcjonalnych,profesor,bartek.reimann@studentbook.com
133,Sandra,Myszak,Wydzia³ Oceanotechniki i Okrêtownictwa,Katedra In¿ynierii Mikrofalowej i Antenowej,doktor,sandra.myszak@studentbook.com
134,£ukasz,Utrata,Wydzia³ Zarz¹dzania i Ekonomi,Katedra Inteligentnych Systemów Interaktywnych,in¿ynier,³ukasz.utrata@studentbook.com
135,Marcin,Miszta,Wydzia³ Elektroniki Telekomunikacji i Informatyki,Katedra In¿ynierii Oprogramowania,profesor,marcin.miszta@studentbook.com
136,Konstanty,Kurant,Wydzia³ Fizyki Technicznej i Matematyki Stosowanej,Katedra Systemów Multimedialnych,doktor habilitowny,konstanty.kurant@studentbook.com
137,Krystian,Mirgos,Wydzia³ Chemiczny,Katedra In¿ynierii Materia³ów Funkcjonalnych,magister,krystian.mirgos@studentbook.com
138,B³a¿ej,Kraszkiewicz,Wydzia³ In¿ynierii L¹dowej i Œrodowiska,Katedra Systemów Geoinformatycznych,magister,b³a¿ej.kraszkiewicz@studentbook.com
139,Marcelina,Cyganik,Wydzia³ Fizyki Technicznej i Matematyki Stosowanej,Katedra Systemów i Sieci Radiokomunikacyjnych,doktor,marcelina.cyganik@studentbook.com
140,El¿bieta,Martyka,Wydzia³ Architektury,Katedra Inteligentnych Systemów Interaktywnych,doktor habilitowny,el¿bieta.martyka@studentbook.com
141,Gustaw,Drobnik,Wydzia³ In¿ynierii L¹dowej i Œrodowiska,Katedra In¿ynierii Oprogramowania,profesor,gustaw.drobnik@studentbook.com
142,Andrzej,Wojtaszak,Wydzia³ Mechaniczny,Katedra Systemów Multimedialnych,doktor,andrzej.wojtaszak@studentbook.com
143,Jakub,Matyjasek,Wydzia³ Fizyki Technicznej i Matematyki Stosowanej,Katedra Systemów i Sieci Radiokomunikacyjnych,doktor habilitowny,jakub.matyjasek@studentbook.com
144,Ewelina,Stasica,Wydzia³ Architektury,Katedra In¿ynierii Biomedycznej,profesor,ewelina.stasica@studentbook.com
145,Lidia,Plizga,Wydzia³ In¿ynierii L¹dowej i Œrodowiska,Katedra In¿ynierii Materia³ów Funkcjonalnych,profesor,lidia.plizga@studentbook.com
146,Aleks,Gietka,Wydzia³ Fizyki Technicznej i Matematyki Stosowanej,Katedra Teleinformatyki,doktor,aleks.gietka@studentbook.com
147,Nicole,Janczarek,Wydzia³ Architektury,Katedra Metrologii i Optoelektroniki,doktor habilitowny,nicole.janczarek@studentbook.com
148,Igor,Dzia³ak,Wydzia³ In¿ynierii L¹dowej i Œrodowiska,Katedra Architektury Systemów Komputerowych,doktor habilitowny,igor.dzia³ak@studentbook.com
149,Konrad,Ho³ubowicz,Wydzia³ Zarz¹dzania i Ekonomi,Katedra Architektury Systemów Komputerowych,magister,konrad.ho³ubowicz@studentbook.com
150,Artur,Moskalik,Wydzia³ Elektrotechniki i Automatyki,Katedra In¿ynierii Mikrofalowej i Antenowej,doktor habilitowny,artur.moskalik@studentbook.com
151,Kajetan,¯ero,Wydzia³ Mechaniczny,Katedra Sygna³ów i Systemów,doktor,kajetan.¿ero@studentbook.com
152,Julian,Dorobek,Wydzia³ In¿ynierii L¹dowej i Œrodowiska,Katedra In¿ynierii Biomedycznej,magister,julian.dorobek@studentbook.com
153,Maksymilian,Ska³ka,Wydzia³ Elektrotechniki i Automatyki,Katedra Algorytmów i Modelowania Systemów,in¿ynier,maksymilian.ska³ka@studentbook.com
154,Tobiasz,Kaczmarkiewicz,Wydzia³ Elektrotechniki i Automatyki,Katedra Sieci Teleinformacyjnych,doktor,tobiasz.kaczmarkiewicz@studentbook.com
155,Wiktor,Gabara,Wydzia³ Elektrotechniki i Automatyki,Katedra Systemów i Sieci Radiokomunikacyjnych,profesor,wiktor.gabara@studentbook.com
156,Micha³,Gogacz,Wydzia³ Architektury,Katedra In¿ynierii Mikrofalowej i Antenowej,doktor habilitowny,micha³.gogacz@studentbook.com
157,Ignacy,Go³as,Wydzia³ Elektrotechniki i Automatyki,Katedra Metrologii i Optoelektroniki,doktor habilitowny,ignacy.go³as@studentbook.com
158,Andrzej,Parzonka,Wydzia³ Elektroniki Telekomunikacji i Informatyki,Katedra Systemów Decyzyjnych i Robotyki,in¿ynier,andrzej.parzonka@studentbook.com
159,Ewelina,Wielgo,Wydzia³ Mechaniczny,Katedra In¿ynierii Biomedycznej,in¿ynier,ewelina.wielgo@studentbook.com
160,Urszula,Jantos,Wydzia³ Elektrotechniki i Automatyki,Katedra In¿ynierii Biomedycznej,in¿ynier,urszula.jantos@studentbook.com
161,B³a¿ej,Zaranek,Wydzia³ Oceanotechniki i Okrêtownictwa,Katedra Teleinformatyki,profesor,b³a¿ej.zaranek@studentbook.com
162,Kajetan,Rajch,Wydzia³ In¿ynierii L¹dowej i Œrodowiska,Katedra Systemów Geoinformatycznych,profesor,kajetan.rajch@studentbook.com
163,Malwina,Wielgos,Wydzia³ Zarz¹dzania i Ekonomi,Katedra In¿ynierii Mikrofalowej i Antenowej,doktor,malwina.wielgos@studentbook.com
164,Natan,Elert,Wydzia³ Chemiczny,Katedra In¿ynierii Biomedycznej,doktor,natan.elert@studentbook.com
165,Nikodem,Pacho³ek,Wydzia³ Zarz¹dzania i Ekonomi,Katedra Teleinformatyki,profesor,nikodem.pacho³ek@studentbook.com
166,Klara,Cygal,Wydzia³ Fizyki Technicznej i Matematyki Stosowanej,Katedra Systemów Multimedialnych,magister,klara.cygal@studentbook.com
167,Cezary,Saczuk,Wydzia³ Fizyki Technicznej i Matematyki Stosowanej,Katedra In¿ynierii Oprogramowania,profesor,cezary.saczuk@studentbook.com
168,Konrad,Mzyk,Wydzia³ Chemiczny,Katedra Systemów Decyzyjnych i Robotyki,doktor habilitowny,konrad.mzyk@studentbook.com
169,Sebastian,Sypek,Wydzia³ Elektroniki Telekomunikacji i Informatyki,Katedra Sieci Teleinformacyjnych,profesor,sebastian.sypek@studentbook.com
170,Ryszard,Marciniszyn,Wydzia³ Elektroniki Telekomunikacji i Informatyki,Katedra Metrologii i Optoelektroniki,magister,ryszard.marciniszyn@studentbook.com
171,Blanka,£abno,Wydzia³ Oceanotechniki i Okrêtownictwa,Katedra Systemów Mikroelektronicznych,doktor,blanka.³abno@studentbook.com
172,Ida,Szymocha,Wydzia³ Elektroniki Telekomunikacji i Informatyki,Katedra Algorytmów i Modelowania Systemów,in¿ynier,ida.szymocha@studentbook.com
173,Krzysztof,Saj,Wydzia³ Mechaniczny,Katedra In¿ynierii Mikrofalowej i Antenowej,doktor,krzysztof.saj@studentbook.com
174,Ida,Fronia,Wydzia³ Mechaniczny,Katedra Systemów Multimedialnych,profesor,ida.fronia@studentbook.com
175,Klara,Tu³acz,Wydzia³ Architektury,Katedra Systemów Multimedialnych,magister,klara.tu³acz@studentbook.com
176,Ksawery,Pad³o,Wydzia³ Zarz¹dzania i Ekonomi,Katedra Sieci Teleinformacyjnych,magister,ksawery.pad³o@studentbook.com
177,Ryszard,Erdmann,Wydzia³ Oceanotechniki i Okrêtownictwa,Katedra Systemów Geoinformatycznych,in¿ynier,ryszard.erdmann@studentbook.com
178,Stefan,£apacz,Wydzia³ Zarz¹dzania i Ekonomi,Katedra Inteligentnych Systemów Interaktywnych,profesor,stefan.³apacz@studentbook.com
179,Kornel,Ksiê¿ak,Wydzia³ Mechaniczny,Katedra In¿ynierii Oprogramowania,in¿ynier,kornel.ksiê¿ak@studentbook.com
180,Adrian,Gogó³,Wydzia³ In¿ynierii L¹dowej i Œrodowiska,Katedra Sygna³ów i Systemów,profesor,adrian.gogó³@studentbook.com
181,Maksymilian,Felisiak,Wydzia³ Fizyki Technicznej i Matematyki Stosowanej,Katedra Teleinformatyki,doktor habilitowny,maksymilian.felisiak@studentbook.com
182,Alan,Pastu³a,Wydzia³ Zarz¹dzania i Ekonomi,Katedra Architektury Systemów Komputerowych,doktor,alan.pastu³a@studentbook.com
183,Rados³aw,Cieloch,Wydzia³ Elektrotechniki i Automatyki,Katedra Systemów Geoinformatycznych,in¿ynier,rados³aw.cieloch@studentbook.com
184,Adam,Kukawka,Wydzia³ Elektroniki Telekomunikacji i Informatyki,Katedra Systemów Geoinformatycznych,doktor,adam.kukawka@studentbook.com
185,Konrad,Wasyluk,Wydzia³ Chemiczny,Katedra Architektury Systemów Komputerowych,doktor,konrad.wasyluk@studentbook.com
186,Tomasz,Zimoñ,Wydzia³ Fizyki Technicznej i Matematyki Stosowanej,Katedra Algorytmów i Modelowania Systemów,profesor,tomasz.zimoñ@studentbook.com
187,Witold,Cich,Wydzia³ In¿ynierii L¹dowej i Œrodowiska,Katedra Architektury Systemów Komputerowych,profesor,witold.cich@studentbook.com
188,Aleks,Tr¹bka,Wydzia³ Architektury,Katedra Metrologii i Optoelektroniki,profesor,aleks.tr¹bka@studentbook.com
189,Jerzy,Szmelter,Wydzia³ Oceanotechniki i Okrêtownictwa,Katedra Teleinformatyki,magister,jerzy.szmelter@studentbook.com
190,Nikodem,Gabara,Wydzia³ Oceanotechniki i Okrêtownictwa,Katedra Systemów Multimedialnych,magister,nikodem.gabara@studentbook.com
191,Sara,Ga³aj,Wydzia³ Zarz¹dzania i Ekonomi,Katedra Algorytmów i Modelowania Systemów,in¿ynier,sara.ga³aj@studentbook.com
192,Justyna,Burczak,Wydzia³ In¿ynierii L¹dowej i Œrodowiska,Katedra Systemów i Sieci Radiokomunikacyjnych,in¿ynier,justyna.burczak@studentbook.com
193,Juliusz,Dynak,Wydzia³ Elektrotechniki i Automatyki,Katedra In¿ynierii Materia³ów Funkcjonalnych,in¿ynier,juliusz.dynak@studentbook.com
194,Franciszek,Handzel,Wydzia³ Elektroniki Telekomunikacji i Informatyki,Katedra Architektury Systemów Komputerowych,in¿ynier,franciszek.handzel@studentbook.com
195,Leonard,Gogacz,Wydzia³ Oceanotechniki i Okrêtownictwa,Katedra In¿ynierii Oprogramowania,profesor,leonard.gogacz@studentbook.com
196,Adam,Rozumek,Wydzia³ Mechaniczny,Katedra In¿ynierii Biomedycznej,in¿ynier,adam.rozumek@studentbook.com
197,Marcel,Biesek,Wydzia³ In¿ynierii L¹dowej i Œrodowiska,Katedra Systemów Multimedialnych,doktor,marcel.biesek@studentbook.com
198,Alan,Szrama,Wydzia³ Chemiczny,Katedra Metrologii i Optoelektroniki,doktor habilitowny,alan.szrama@studentbook.com
199,Sara,Gradek,Wydzia³ Oceanotechniki i Okrêtownictwa,Katedra Sieci Teleinformacyjnych,doktor,sara.gradek@studentbook.com
200,Rados³aw,Gierak,Wydzia³ Mechaniczny,Katedra Metrologii i Optoelektroniki,magister,rados³aw.gierak@studentbook.com
201,Rozalia,Kojder,Wydzia³ Elektrotechniki i Automatyki,Katedra Systemów Mikroelektronicznych,doktor habilitowny,rozalia.kojder@studentbook.com
202,Maksymilian,Trochimiuk,Wydzia³ Zarz¹dzania i Ekonomi,Katedra Sygna³ów i Systemów,doktor habilitowny,maksymilian.trochimiuk@studentbook.com
203,Alan,Ciereszko,Wydzia³ Architektury,Katedra Sygna³ów i Systemów,in¿ynier,alan.ciereszko@studentbook.com
204,Patryk,Szramka,Wydzia³ Chemiczny,Katedra Systemów Mikroelektronicznych,doktor,patryk.szramka@studentbook.com
205,Nela,Pioch,Wydzia³ Architektury,Katedra Systemów Decyzyjnych i Robotyki,magister,nela.pioch@studentbook.com
206,Kamil,Sadlik,Wydzia³ Zarz¹dzania i Ekonomi,Katedra In¿ynierii Biomedycznej,doktor habilitowny,kamil.sadlik@studentbook.com
207,Jeremi,Paliga,Wydzia³ In¿ynierii L¹dowej i Œrodowiska,Katedra Systemów i Sieci Radiokomunikacyjnych,magister,jeremi.paliga@studentbook.com
208,Franciszek,Æmiel,Wydzia³ Zarz¹dzania i Ekonomi,Katedra Architektury Systemów Komputerowych,in¿ynier,franciszek.æmiel@studentbook.com
209,Fryderyk,Kenig,Wydzia³ Elektrotechniki i Automatyki,Katedra In¿ynierii Biomedycznej,magister,fryderyk.kenig@studentbook.com
210,Gabriel,Dering,Wydzia³ Zarz¹dzania i Ekonomi,Katedra Sygna³ów i Systemów,doktor,gabriel.dering@studentbook.com
211,Kornel,Ziarek,Wydzia³ Oceanotechniki i Okrêtownictwa,Katedra Metrologii i Optoelektroniki,doktor habilitowny,kornel.ziarek@studentbook.com
212,Miko³aj,Tryka,Wydzia³ Oceanotechniki i Okrêtownictwa,Katedra Systemów Mikroelektronicznych,profesor,miko³aj.tryka@studentbook.com
213,Stanis³aw,Dmoch,Wydzia³ In¿ynierii L¹dowej i Œrodowiska,Katedra In¿ynierii Mikrofalowej i Antenowej,magister,stanis³aw.dmoch@studentbook.com
214,Konrad,Kowala,Wydzia³ Fizyki Technicznej i Matematyki Stosowanej,Katedra Teleinformatyki,doktor habilitowny,konrad.kowala@studentbook.com
215,Marcin,£uczkiewicz,Wydzia³ Oceanotechniki i Okrêtownictwa,Katedra In¿ynierii Mikrofalowej i Antenowej,doktor habilitowny,marcin.³uczkiewicz@studentbook.com
216,Nikodem,Milka,Wydzia³ Mechaniczny,Katedra In¿ynierii Mikrofalowej i Antenowej,doktor,nikodem.milka@studentbook.com
217,Wojciech,Mejer,Wydzia³ Oceanotechniki i Okrêtownictwa,Katedra Systemów i Sieci Radiokomunikacyjnych,doktor habilitowny,wojciech.mejer@studentbook.com
218,Dawid,Sugier,Wydzia³ Elektrotechniki i Automatyki,Katedra Sieci Teleinformacyjnych,magister,dawid.sugier@studentbook.com
219,Kaja,Szko³a,Wydzia³ Zarz¹dzania i Ekonomi,Katedra Sygna³ów i Systemów,magister,kaja.szko³a@studentbook.com
220,Gabriel,Kuszyk,Wydzia³ In¿ynierii L¹dowej i Œrodowiska,Katedra Sieci Teleinformacyjnych,doktor,gabriel.kuszyk@studentbook.com
221,Dariusz,Dobosiewicz,Wydzia³ Elektrotechniki i Automatyki,Katedra In¿ynierii Mikrofalowej i Antenowej,doktor,dariusz.dobosiewicz@studentbook.com
222,Robert,Mateusiak,Wydzia³ Architektury,Katedra Systemów Decyzyjnych i Robotyki,profesor,robert.mateusiak@studentbook.com
223,Karina,Kranc,Wydzia³ Mechaniczny,Katedra Systemów i Sieci Radiokomunikacyjnych,doktor habilitowny,karina.kranc@studentbook.com
224,Bianka,Pyœ,Wydzia³ Oceanotechniki i Okrêtownictwa,Katedra In¿ynierii Biomedycznej,doktor,bianka.pyœ@studentbook.com
225,Liwia,Szpyrka,Wydzia³ Zarz¹dzania i Ekonomi,Katedra Architektury Systemów Komputerowych,doktor habilitowny,liwia.szpyrka@studentbook.com
226,Ró¿a,Wojtanowicz,Wydzia³ Elektroniki Telekomunikacji i Informatyki,Katedra Systemów Multimedialnych,doktor,ró¿a.wojtanowicz@studentbook.com
227,Mariusz,Moroñ,Wydzia³ Elektroniki Telekomunikacji i Informatyki,Katedra Inteligentnych Systemów Interaktywnych,in¿ynier,mariusz.moroñ@studentbook.com
228,Grzegorz,Terka,Wydzia³ Zarz¹dzania i Ekonomi,Katedra Architektury Systemów Komputerowych,doktor habilitowny,grzegorz.terka@studentbook.com
229,Bruno,Smor¹g,Wydzia³ Zarz¹dzania i Ekonomi,Katedra Algorytmów i Modelowania Systemów,doktor habilitowny,bruno.smor¹g@studentbook.com
230,Kajetan,Wiech,Wydzia³ Mechaniczny,Katedra Systemów Geoinformatycznych,doktor habilitowny,kajetan.wiech@studentbook.com
231,Witold,Dubis,Wydzia³ Fizyki Technicznej i Matematyki Stosowanej,Katedra Systemów Geoinformatycznych,in¿ynier,witold.dubis@studentbook.com
232,Sebastian,Ludwisiak,Wydzia³ Architektury,Katedra Metrologii i Optoelektroniki,in¿ynier,sebastian.ludwisiak@studentbook.com
233,Nikodem,Penar,Wydzia³ Oceanotechniki i Okrêtownictwa,Katedra Sieci Teleinformacyjnych,profesor,nikodem.penar@studentbook.com
234,Aleks,Be³za,Wydzia³ Fizyki Technicznej i Matematyki Stosowanej,Katedra Systemów Multimedialnych,profesor,aleks.be³za@studentbook.com
235,Tola,Serwach,Wydzia³ Chemiczny,Katedra Systemów Multimedialnych,in¿ynier,tola.serwach@studentbook.com
236,Kaja,Robaszkiewicz,Wydzia³ Elektrotechniki i Automatyki,Katedra Systemów Geoinformatycznych,doktor habilitowny,kaja.robaszkiewicz@studentbook.com
237,Nikodem,Ciêciwa,Wydzia³ Oceanotechniki i Okrêtownictwa,Katedra Teleinformatyki,magister,nikodem.ciêciwa@studentbook.com
238,Maciej,Pawe³kiewicz,Wydzia³ Architektury,Katedra Systemów Geoinformatycznych,magister,maciej.pawe³kiewicz@studentbook.com
239,Kornel,Le¿oñ,Wydzia³ Mechaniczny,Katedra Systemów Geoinformatycznych,magister,kornel.le¿oñ@studentbook.com
240,Kalina,Irla,Wydzia³ Elektrotechniki i Automatyki,Katedra In¿ynierii Oprogramowania,profesor,kalina.irla@studentbook.com
241,Olga,Sarniak,Wydzia³ Zarz¹dzania i Ekonomi,Katedra Architektury Systemów Komputerowych,in¿ynier,olga.sarniak@studentbook.com
242,Ida,Janisz,Wydzia³ Elektroniki Telekomunikacji i Informatyki,Katedra Systemów Mikroelektronicznych,magister,ida.janisz@studentbook.com
243,Rados³aw,Sydor,Wydzia³ Fizyki Technicznej i Matematyki Stosowanej,Katedra Systemów Decyzyjnych i Robotyki,doktor habilitowny,rados³aw.sydor@studentbook.com
244,Emil,Pierzak,Wydzia³ Elektrotechniki i Automatyki,Katedra Sieci Teleinformacyjnych,in¿ynier,emil.pierzak@studentbook.com
245,Maurycy,Duczek,Wydzia³ Mechaniczny,Katedra Systemów Geoinformatycznych,doktor,maurycy.duczek@studentbook.com
246,Artur,Szatko,Wydzia³ In¿ynierii L¹dowej i Œrodowiska,Katedra Sieci Teleinformacyjnych,profesor,artur.szatko@studentbook.com
247,Liwia,Chadaj,Wydzia³ Oceanotechniki i Okrêtownictwa,Katedra Architektury Systemów Komputerowych,magister,liwia.chadaj@studentbook.com
248,Emil,Hutyra,Wydzia³ In¿ynierii L¹dowej i Œrodowiska,Katedra Algorytmów i Modelowania Systemów,in¿ynier,emil.hutyra@studentbook.com
249,Dorota,Pabiœ,Wydzia³ Elektrotechniki i Automatyki,Katedra In¿ynierii Mikrofalowej i Antenowej,magister,dorota.pabiœ@studentbook.com
250,Dawid,¯o³nierczyk,Wydzia³ Elektroniki Telekomunikacji i Informatyki,Katedra Teleinformatyki,magister,dawid.¿o³nierczyk@studentbook.com
251,Alan,Kawula,Wydzia³ Chemiczny,Katedra Systemów i Sieci Radiokomunikacyjnych,magister,alan.kawula@studentbook.com
252,Inga,Galuba,Wydzia³ Architektury,Katedra Inteligentnych Systemów Interaktywnych,in¿ynier,inga.galuba@studentbook.com
253,Arkadiusz,Czury³o,Wydzia³ Elektrotechniki i Automatyki,Katedra Architektury Systemów Komputerowych,profesor,arkadiusz.czury³o@studentbook.com
254,Norbert,Trybus,Wydzia³ In¿ynierii L¹dowej i Œrodowiska,Katedra In¿ynierii Mikrofalowej i Antenowej,profesor,norbert.trybus@studentbook.com
255,Maks,Olesiejuk,Wydzia³ Elektrotechniki i Automatyki,Katedra Systemów Geoinformatycznych,doktor,maks.olesiejuk@studentbook.com
256,Olgierd,Pastor,Wydzia³ Elektrotechniki i Automatyki,Katedra Algorytmów i Modelowania Systemów,doktor habilitowny,olgierd.pastor@studentbook.com
257,Norbert,Szyca,Wydzia³ Oceanotechniki i Okrêtownictwa,Katedra Systemów Decyzyjnych i Robotyki,doktor habilitowny,norbert.szyca@studentbook.com
258,Tymon,Martin,Wydzia³ Zarz¹dzania i Ekonomi,Katedra Inteligentnych Systemów Interaktywnych,magister,tymon.martin@studentbook.com
259,Ida,Dorobek,Wydzia³ Oceanotechniki i Okrêtownictwa,Katedra Metrologii i Optoelektroniki,profesor,ida.dorobek@studentbook.com
260,Kamila,Wolff,Wydzia³ Elektrotechniki i Automatyki,Katedra Systemów Multimedialnych,doktor habilitowny,kamila.wolff@studentbook.com
261,Kornel,Pleban,Wydzia³ Oceanotechniki i Okrêtownictwa,Katedra In¿ynierii Materia³ów Funkcjonalnych,doktor habilitowny,kornel.pleban@studentbook.com
262,Franciszek,Torbus,Wydzia³ Oceanotechniki i Okrêtownictwa,Katedra Systemów Geoinformatycznych,magister,franciszek.torbus@studentbook.com
263,Maciej,Godzwon,Wydzia³ Chemiczny,Katedra In¿ynierii Oprogramowania,doktor habilitowny,maciej.godzwon@studentbook.com
264,Mieszko,Patalas,Wydzia³ Elektroniki Telekomunikacji i Informatyki,Katedra Systemów Geoinformatycznych,in¿ynier,mieszko.patalas@studentbook.com
265,Leonard,Noras,Wydzia³ Fizyki Technicznej i Matematyki Stosowanej,Katedra Systemów Multimedialnych,doktor habilitowny,leonard.noras@studentbook.com
266,Ada,Pyda,Wydzia³ Mechaniczny,Katedra In¿ynierii Biomedycznej,magister,ada.pyda@studentbook.com
267,Oliwier,Gryciuk,Wydzia³ Chemiczny,Katedra Inteligentnych Systemów Interaktywnych,magister,oliwier.gryciuk@studentbook.com
268,Ryszard,Ciuk,Wydzia³ Mechaniczny,Katedra Algorytmów i Modelowania Systemów,magister,ryszard.ciuk@studentbook.com
269,Bianka,Rudzik,Wydzia³ Oceanotechniki i Okrêtownictwa,Katedra Sieci Teleinformacyjnych,magister,bianka.rudzik@studentbook.com
270,Marcelina,Linda,Wydzia³ Zarz¹dzania i Ekonomi,Katedra In¿ynierii Materia³ów Funkcjonalnych,magister,marcelina.linda@studentbook.com
271,Daniel,Kossak,Wydzia³ In¿ynierii L¹dowej i Œrodowiska,Katedra Architektury Systemów Komputerowych,doktor,daniel.kossak@studentbook.com
272,Nela,Zyga,Wydzia³ Zarz¹dzania i Ekonomi,Katedra Teleinformatyki,profesor,nela.zyga@studentbook.com
273,Aleksander,Bas,Wydzia³ Architektury,Katedra In¿ynierii Biomedycznej,in¿ynier,aleksander.bas@studentbook.com
274,Kamila,Hulbój,Wydzia³ Architektury,Katedra In¿ynierii Mikrofalowej i Antenowej,magister,kamila.hulbój@studentbook.com
275,Patryk,Rembacz,Wydzia³ Mechaniczny,Katedra In¿ynierii Mikrofalowej i Antenowej,magister,patryk.rembacz@studentbook.com
276,Alan,Tomaszczyk,Wydzia³ Fizyki Technicznej i Matematyki Stosowanej,Katedra In¿ynierii Biomedycznej,doktor habilitowny,alan.tomaszczyk@studentbook.com
277,Cezary,Sierpieñ,Wydzia³ Zarz¹dzania i Ekonomi,Katedra Systemów Mikroelektronicznych,profesor,cezary.sierpieñ@studentbook.com
278,Aurelia,Niebudek,Wydzia³ Elektroniki Telekomunikacji i Informatyki,Katedra Systemów Mikroelektronicznych,profesor,aurelia.niebudek@studentbook.com
279,Tobiasz,Wyroba,Wydzia³ Mechaniczny,Katedra Sieci Teleinformacyjnych,doktor habilitowny,tobiasz.wyroba@studentbook.com
280,Adrianna,Geisler,Wydzia³ Fizyki Technicznej i Matematyki Stosowanej,Katedra Metrologii i Optoelektroniki,in¿ynier,adrianna.geisler@studentbook.com
281,Norbert,Gosek,Wydzia³ Oceanotechniki i Okrêtownictwa,Katedra Metrologii i Optoelektroniki,doktor habilitowny,norbert.gosek@studentbook.com
282,Andrzej,Mikiciuk,Wydzia³ Zarz¹dzania i Ekonomi,Katedra Sygna³ów i Systemów,doktor habilitowny,andrzej.mikiciuk@studentbook.com
283,Stanis³aw,Drobik,Wydzia³ Elektroniki Telekomunikacji i Informatyki,Katedra Sieci Teleinformacyjnych,in¿ynier,stanis³aw.drobik@studentbook.com
284,Nataniel,Wilkos,Wydzia³ In¿ynierii L¹dowej i Œrodowiska,Katedra Systemów Multimedialnych,doktor habilitowny,nataniel.wilkos@studentbook.com
285,Albert,Krzyszczak,Wydzia³ Elektrotechniki i Automatyki,Katedra Sygna³ów i Systemów,magister,albert.krzyszczak@studentbook.com
286,Andrzej,Pyszka,Wydzia³ Mechaniczny,Katedra Sygna³ów i Systemów,magister,andrzej.pyszka@studentbook.com
287,Olaf,Nickel,Wydzia³ In¿ynierii L¹dowej i Œrodowiska,Katedra Algorytmów i Modelowania Systemów,magister,olaf.nickel@studentbook.com
288,Kazimierz,Wasiewicz,Wydzia³ Zarz¹dzania i Ekonomi,Katedra Algorytmów i Modelowania Systemów,doktor habilitowny,kazimierz.wasiewicz@studentbook.com
289,Daniel,Kêdziorek,Wydzia³ Mechaniczny,Katedra Sieci Teleinformacyjnych,doktor habilitowny,daniel.kêdziorek@studentbook.com
290,Iwo,Dulemba,Wydzia³ Elektrotechniki i Automatyki,Katedra In¿ynierii Biomedycznej,magister,iwo.dulemba@studentbook.com
291,Damian,Kozica,Wydzia³ Chemiczny,Katedra Inteligentnych Systemów Interaktywnych,profesor,damian.kozica@studentbook.com
292,Nikodem,Zawiasa,Wydzia³ Chemiczny,Katedra Algorytmów i Modelowania Systemów,profesor,nikodem.zawiasa@studentbook.com
293,Ksawery,Neugebauer,Wydzia³ Architektury,Katedra Inteligentnych Systemów Interaktywnych,profesor,ksawery.neugebauer@studentbook.com
294,Anastazja,Miœko,Wydzia³ Elektrotechniki i Automatyki,Katedra In¿ynierii Mikrofalowej i Antenowej,doktor,anastazja.miœko@studentbook.com
295,£ukasz,Bawo³,Wydzia³ Oceanotechniki i Okrêtownictwa,Katedra Systemów Geoinformatycznych,in¿ynier,³ukasz.bawo³@studentbook.com
296,£ukasz,Pabis,Wydzia³ Chemiczny,Katedra In¿ynierii Oprogramowania,profesor,³ukasz.pabis@studentbook.com
297,Tola,Wosiek,Wydzia³ In¿ynierii L¹dowej i Œrodowiska,Katedra Sygna³ów i Systemów,profesor,tola.wosiek@studentbook.com
298,Fabian,Go³ek,Wydzia³ Zarz¹dzania i Ekonomi,Katedra In¿ynierii Oprogramowania,doktor habilitowny,fabian.go³ek@studentbook.com
299,Anita,Kuzior,Wydzia³ Mechaniczny,Katedra Systemów Multimedialnych,profesor,anita.kuzior@studentbook.com
